ball, bound
ball, bask
window, womb
broken, bottom
word, money
rain, run
dog, guy
bark, biting
cat, god
girl, guy
tree, train
ball, bald
ball, barn
ball, banks
king, cleans
king, kins
glass, grass
woman, man
somewhere, someone
wear, words
shoe, scene
boy, man
mother, wife
school, cool
girl, earl
slipper, sipper
lamp, lap
umbrella, ball
short, sort
boy, boil
woman, man
fourth, force
door, window
glass, gas
soaking, stoking
ladder, window 
kick, cook
window, door
umbrella, comb
umbrella, bread
umbrella, read
catch, kitchen 
soccer, sock
mother, daughter
lamp, lights
give, gay
rescue, like
dog, door
bark, talk
kick, cook
show, go
both, bow
cat, hat
dog, boy
cat, girl
bark, call
reach, crawl
there, hairs
ride, drive
quite, white
girl, boy
grow, goes
page, bar
umbrella, black
naughty, nasty
walk, speak
girl, woman
ride, run
cat, hat
branch, window
father, mother
tree, try
tree, far
dog, fog
ladder, water
ladder, bottle
truck, bottle
truck, home
fire, ocean
tree, hospital
bird, song
daughters, girls
maid, main
woman, man
that, dat
foot, pit
slipper, pitcher
put, pit
sisters, brothers
boy, man
hands, heads
cry, try
wheels, feels
ladder, letter
age, days
say, see
foot, head
woman, man
put, foot
